config,real,predicho,veces
A,8,6,5
A,8,9,1
A,6,10,1
A,2,no detectada,28
A,5,no detectada,20
A,9,no detectada,19
A,8,no detectada,18
A,K,no detectada,14
A,Q,no detectada,9
A,7,no detectada,8
A,4,no detectada,5
A,10,no detectada,5
A,A,no detectada,3
A,6,no detectada,2
A,3,no detectada,1
A,TOTAL,bien,273
A,TOTAL,valor equivocado,7
A,TOTAL,no detectada,132
A,TOTAL,falso positivo,5
B,A,4,1
B,5,no detectada,35
B,8,no detectada,21
B,9,no detectada,19
B,2,no detectada,18
B,J,no detectada,12
B,7,no detectada,10
B,K,no detectada,9
B,A,no detectada,6
B,3,no detectada,6
B,4,no detectada,5
B,6,no detectada,4
B,Q,no detectada,2
B,TOTAL,bien,264
B,TOTAL,valor equivocado,1
B,TOTAL,no detectada,147
B,TOTAL,falso positivo,1
A_propio,8,no detectada,13
A_propio,A,no detectada,2
A_propio,Q,no detectada,2
A_propio,6,no detectada,1
A_propio,TOTAL,bien,394
A_propio,TOTAL,valor equivocado,0
A_propio,TOTAL,no detectada,18
A_propio,TOTAL,falso positivo,17
B_propio,5,3,5
B_propio,8,Q,3
B_propio,3,9,1
B_propio,8,no detectada,11
B_propio,2,no detectada,6
B_propio,Q,no detectada,2
B_propio,6,no detectada,1
B_propio,TOTAL,bien,383
B_propio,TOTAL,valor equivocado,9
B_propio,TOTAL,no detectada,20
B_propio,TOTAL,falso positivo,24
