config,fondo,mAP50,P,R,F1,R_loc,ms_imagen
A,madera,0.9974,0.9959,0.9918,0.9938,0.9959,77.5074
A,verde,1.0000,1.0000,1.0000,1.0000,1.0000,74.1181
A,oscuro,1.0000,1.0000,1.0000,1.0000,1.0000,74.8776
A,blanco,0.9935,0.9918,0.9877,0.9897,0.9959,74.1617
A,textura,0.9962,0.9959,0.9959,0.9959,1.0000,76.3319
A,desorden,1.0000,1.0000,1.0000,1.0000,1.0000,74.5178
A,ruido,0.9974,0.9959,0.9918,0.9938,0.9959,75.7683
A,marmol,1.0000,1.0000,1.0000,1.0000,1.0000,80.0851
B,madera,0.9782,0.9916,0.9713,0.9814,0.9795,103.3506
B,verde,0.9881,0.9877,0.9877,0.9877,1.0000,103.2379
B,oscuro,0.9921,0.9918,0.9918,0.9918,1.0000,102.4417
B,blanco,0.9280,0.9901,0.8238,0.8993,0.8320,103.5652
B,textura,0.9742,0.9873,0.9590,0.9730,0.9713,109.3246
B,desorden,0.9774,0.9915,0.9549,0.9729,0.9631,102.3069
B,ruido,0.9742,0.9874,0.9631,0.9751,0.9754,103.3028
B,marmol,0.9881,0.9877,0.9877,0.9877,1.0000,103.9949
A_propio,madera,0.9921,0.9918,0.9918,0.9918,1.0000,79.5730
A_propio,verde,0.9921,0.9918,0.9918,0.9918,1.0000,75.3268
A_propio,oscuro,0.9921,0.9918,0.9918,0.9918,1.0000,80.1964
A_propio,blanco,0.9798,0.9795,0.9795,0.9795,1.0000,75.3717
A_propio,textura,0.9921,0.9918,0.9918,0.9918,1.0000,76.9291
A_propio,desorden,0.9921,0.9918,0.9918,0.9918,1.0000,80.0588
A_propio,ruido,0.9921,0.9918,0.9918,0.9918,1.0000,76.0611
A_propio,marmol,0.9921,0.9918,0.9918,0.9918,1.0000,75.7389
B_propio,madera,1.0000,1.0000,1.0000,1.0000,1.0000,100.8165
B_propio,verde,1.0000,1.0000,1.0000,1.0000,1.0000,106.3835
B_propio,oscuro,1.0000,1.0000,1.0000,1.0000,1.0000,104.1563
B_propio,blanco,1.0000,1.0000,1.0000,1.0000,1.0000,106.7159
B_propio,textura,1.0000,1.0000,1.0000,1.0000,1.0000,103.5867
B_propio,desorden,1.0000,1.0000,1.0000,1.0000,1.0000,101.2160
B_propio,ruido,0.9999,0.9959,0.9918,0.9938,0.9918,105.2971
B_propio,marmol,1.0000,1.0000,1.0000,1.0000,1.0000,102.2064
