config,familia,perturbacion,nivel,mAP50,P,R,F1,R_loc,ms_imagen
A,Original,original,0,1.0000,1.0000,1.0000,1.0000,1.0000,95.8536
A,Rotación,rotación (°),15,1.0000,1.0000,1.0000,1.0000,1.0000,99.1045
A,Rotación,rotación (°),30,1.0000,1.0000,1.0000,1.0000,1.0000,95.6987
A,Rotación,rotación (°),45,0.9688,0.9750,0.9750,0.9750,0.9750,96.7254
A,Rotación,rotación (°),90,1.0000,1.0000,1.0000,1.0000,1.0000,96.5440
A,Rotación,rotación (°),135,0.9710,0.9775,0.9775,0.9775,0.9775,95.7935
A,Rotación,rotación (°),180,1.0000,1.0000,1.0000,1.0000,1.0000,99.1239
B,Original,original,0,1.0000,1.0000,1.0000,1.0000,1.0000,113.6921
B,Rotación,rotación (°),15,1.0000,1.0000,1.0000,1.0000,1.0000,116.9863
B,Rotación,rotación (°),30,0.9970,0.9975,0.9975,0.9975,0.9975,115.6337
B,Rotación,rotación (°),45,0.9659,0.9725,0.9725,0.9725,0.9750,115.5610
B,Rotación,rotación (°),90,1.0000,1.0000,1.0000,1.0000,1.0000,112.5588
B,Rotación,rotación (°),135,0.9624,0.9700,0.9700,0.9700,0.9725,113.4184
B,Rotación,rotación (°),180,1.0000,1.0000,1.0000,1.0000,1.0000,115.0245
A_propio,Original,original,0,1.0000,1.0000,1.0000,1.0000,1.0000,95.8256
A_propio,Rotación,rotación (°),15,1.0000,1.0000,1.0000,1.0000,1.0000,95.8086
A_propio,Rotación,rotación (°),30,1.0000,1.0000,1.0000,1.0000,1.0000,94.5314
A_propio,Rotación,rotación (°),45,0.9588,0.9700,0.9700,0.9700,0.9700,95.7089
A_propio,Rotación,rotación (°),90,0.9973,0.9975,0.9975,0.9975,1.0000,97.2395
A_propio,Rotación,rotación (°),135,0.9652,0.9725,0.9725,0.9725,0.9725,95.8100
A_propio,Rotación,rotación (°),180,1.0000,1.0000,1.0000,1.0000,1.0000,98.6792
B_propio,Original,original,0,1.0000,0.9926,1.0000,0.9963,1.0000,124.7733
B_propio,Rotación,rotación (°),15,1.0000,0.9901,1.0000,0.9950,1.0000,117.4240
B_propio,Rotación,rotación (°),30,0.9934,0.9925,0.9950,0.9938,0.9950,117.3724
B_propio,Rotación,rotación (°),45,0.9560,0.9626,0.9650,0.9638,0.9675,115.4122
B_propio,Rotación,rotación (°),90,1.0000,1.0000,1.0000,1.0000,1.0000,117.3075
B_propio,Rotación,rotación (°),135,0.9515,0.9601,0.9625,0.9613,0.9650,116.9115
B_propio,Rotación,rotación (°),180,1.0000,1.0000,1.0000,1.0000,1.0000,115.9277
