epoch,time,train/box_loss,train/cls_loss,train/dfl_loss,metrics/precision(B),metrics/recall(B),metrics/mAP50(B),metrics/mAP50-95(B),val/box_loss,val/cls_loss,val/dfl_loss,lr/pg0,lr/pg1,lr/pg2
1,423.145,0.83968,0.86656,0.89891,0.99761,0.99926,0.99481,0.87018,0.56424,0.39348,0.83815,0.000665158,0.000665158,0.000665158
2,832.048,0.66494,0.42242,0.85331,0.99802,0.99924,0.99499,0.86379,0.5611,0.34007,0.84675,0.00130545,0.00130545,0.00130545
3,1217.48,0.62283,0.38681,0.84329,0.99978,0.99938,0.995,0.8782,0.51561,0.31404,0.83544,0.00191935,0.00191935,0.00191935
4,1612.82,0.57911,0.35863,0.83682,0.99975,0.99993,0.995,0.91286,0.43166,0.29386,0.81907,0.0018812,0.0018812,0.0018812
5,1990.25,0.55059,0.34195,0.83453,0.99977,0.99963,0.995,0.91566,0.41655,0.27144,0.81927,0.0018416,0.0018416,0.0018416
6,2361.54,0.52854,0.32319,0.82786,0.99983,1,0.995,0.90594,0.4396,0.26666,0.81792,0.001802,0.001802,0.001802
7,2735.32,0.50493,0.30644,0.82485,0.99971,1,0.99498,0.92066,0.39518,0.25573,0.81542,0.0017624,0.0017624,0.0017624
8,3102.64,0.49964,0.29816,0.82252,0.9995,0.99842,0.995,0.92398,0.39342,0.24705,0.81273,0.0017228,0.0017228,0.0017228
9,3471.38,0.48752,0.29613,0.81983,0.99957,0.99963,0.995,0.93744,0.36417,0.22814,0.806,0.0016832,0.0016832,0.0016832
10,3835.11,0.47208,0.2871,0.81737,0.99985,1,0.995,0.94134,0.36032,0.22348,0.80702,0.0016436,0.0016436,0.0016436
11,4197.94,0.46851,0.28371,0.81914,0.99961,1,0.995,0.94151,0.36025,0.22331,0.80594,0.001604,0.001604,0.001604
12,4560.57,0.45595,0.2752,0.81525,0.99951,0.99964,0.995,0.93733,0.36532,0.22249,0.80066,0.0015644,0.0015644,0.0015644
13,4922.17,0.44453,0.26833,0.81245,0.99985,1,0.995,0.94542,0.34471,0.21401,0.79871,0.0015248,0.0015248,0.0015248
14,5284.17,0.43946,0.2641,0.81116,0.99971,1,0.995,0.95128,0.33767,0.20735,0.79672,0.0014852,0.0014852,0.0014852
15,5646.62,0.43089,0.26133,0.8066,1,0.99986,0.995,0.95418,0.32898,0.19881,0.79227,0.0014456,0.0014456,0.0014456
16,6006.54,0.42788,0.25833,0.80625,0.99975,0.99999,0.995,0.94874,0.33439,0.20441,0.79164,0.001406,0.001406,0.001406
17,6366.17,0.42363,0.25471,0.80555,0.99988,0.99996,0.995,0.95809,0.32124,0.1944,0.79201,0.0013664,0.0013664,0.0013664
18,6725.35,0.41186,0.24823,0.8044,0.99986,1,0.995,0.9573,0.31829,0.19152,0.78941,0.0013268,0.0013268,0.0013268
19,7083.19,0.40815,0.24715,0.80221,0.99996,1,0.995,0.95607,0.32253,0.186,0.78723,0.0012872,0.0012872,0.0012872
20,7441.26,0.40452,0.24455,0.80031,0.99996,1,0.995,0.95909,0.31149,0.18855,0.78451,0.0012476,0.0012476,0.0012476
21,7802.08,0.40367,0.24075,0.80051,0.99996,1,0.995,0.95846,0.31685,0.18392,0.78412,0.001208,0.001208,0.001208
22,8160.89,0.39472,0.23584,0.79893,0.99993,1,0.995,0.96257,0.30848,0.18197,0.78325,0.0011684,0.0011684,0.0011684
23,8518.12,0.3905,0.23482,0.79734,0.99998,1,0.995,0.96393,0.29972,0.17897,0.78179,0.0011288,0.0011288,0.0011288
24,8875.43,0.38071,0.22785,0.79582,0.99997,1,0.995,0.96865,0.29029,0.16994,0.77994,0.0010892,0.0010892,0.0010892
25,9233.2,0.38033,0.22712,0.79697,0.99998,1,0.995,0.967,0.29138,0.16757,0.77963,0.0010496,0.0010496,0.0010496
26,9590.61,0.37624,0.22368,0.79574,0.99998,1,0.995,0.95994,0.30887,0.1745,0.78086,0.00101,0.00101,0.00101
27,9948.27,0.37407,0.22198,0.79309,0.99987,1,0.995,0.968,0.28803,0.16371,0.77847,0.0009704,0.0009704,0.0009704
28,10304.7,0.37061,0.21939,0.79311,0.99999,1,0.995,0.96697,0.28804,0.16217,0.77892,0.0009308,0.0009308,0.0009308
29,10661.5,0.36808,0.21635,0.79348,0.99998,1,0.995,0.97088,0.28106,0.15589,0.77761,0.0008912,0.0008912,0.0008912
30,11017.8,0.36206,0.21338,0.79289,0.99999,1,0.995,0.96886,0.28866,0.15969,0.779,0.0008516,0.0008516,0.0008516
31,11375.3,0.36284,0.21288,0.79311,0.99999,1,0.995,0.97125,0.27724,0.15583,0.77625,0.000812,0.000812,0.000812
32,11730.7,0.35795,0.2105,0.79289,0.99999,1,0.995,0.97219,0.27922,0.15507,0.77849,0.0007724,0.0007724,0.0007724
33,12087.5,0.35515,0.20682,0.79166,0.99996,1,0.995,0.97274,0.27975,0.15284,0.77707,0.0007328,0.0007328,0.0007328
34,12444.3,0.35,0.20405,0.7913,0.99999,1,0.995,0.97385,0.27279,0.14965,0.7755,0.0006932,0.0006932,0.0006932
35,12801.9,0.34853,0.20452,0.79033,0.99999,1,0.995,0.97404,0.2716,0.14861,0.77485,0.0006536,0.0006536,0.0006536
36,13158.2,0.34492,0.20173,0.79059,0.99987,1,0.995,0.97353,0.26934,0.14859,0.7744,0.000614,0.000614,0.000614
37,13514.3,0.34073,0.19752,0.78866,0.99998,1,0.995,0.97427,0.26935,0.1448,0.77469,0.0005744,0.0005744,0.0005744
38,13871.3,0.33827,0.19608,0.78858,0.99996,1,0.995,0.97532,0.26694,0.14429,0.77417,0.0005348,0.0005348,0.0005348
39,14227.3,0.33488,0.19414,0.78722,0.99999,1,0.995,0.97557,0.26511,0.14503,0.77379,0.0004952,0.0004952,0.0004952
40,14584.4,0.33311,0.19251,0.78837,0.99999,1,0.995,0.97552,0.26509,0.14447,0.77356,0.0004556,0.0004556,0.0004556
41,14933.8,0.30103,0.17525,0.77782,0.99999,1,0.995,0.9751,0.26597,0.14169,0.77443,0.000416,0.000416,0.000416
42,15283.5,0.2951,0.17154,0.77594,0.99999,1,0.995,0.97667,0.26235,0.13864,0.77367,0.0003764,0.0003764,0.0003764
43,15632.6,0.29352,0.16903,0.77613,0.99999,1,0.995,0.97697,0.26101,0.13746,0.7732,0.0003368,0.0003368,0.0003368
44,15980.4,0.28881,0.16571,0.77411,0.99998,1,0.995,0.97726,0.25983,0.13612,0.77289,0.0002972,0.0002972,0.0002972
45,16328.3,0.28513,0.16218,0.77473,0.99994,1,0.995,0.97725,0.25958,0.13504,0.77279,0.0002576,0.0002576,0.0002576
46,16676.2,0.28154,0.15947,0.77364,0.99999,1,0.995,0.97706,0.2588,0.13355,0.77254,0.000218,0.000218,0.000218
47,17025,0.27839,0.15687,0.77252,0.99999,1,0.995,0.97806,0.25811,0.13253,0.77234,0.0001784,0.0001784,0.0001784
48,17373.2,0.27619,0.15391,0.77274,0.99999,1,0.995,0.97836,0.25681,0.12966,0.7722,0.0001388,0.0001388,0.0001388
49,17721.2,0.27351,0.15197,0.77401,0.99999,1,0.995,0.97826,0.25639,0.12928,0.772,9.92e-05,9.92e-05,9.92e-05
50,18069,0.27204,0.14914,0.77186,0.99999,1,0.995,0.97823,0.25566,0.12843,0.77189,5.96e-05,5.96e-05,5.96e-05
